{
    "sapBrandColor": "#000000",
    "sapHighlightColor": "#cc8700",
    "sapBaseColor": "#dddddd",
    "sapShellColor": "#ffffff",
    "sapBackgroundColor": "#ffffff",
    "sapTextColor": "#000000",
    "sapLinkColor": "#000000",
    "sapCompanyLogo": "none",
    "sapBackgroundImage": "none",
    "sapBackgroundImageOpacity": "1",
    "sapBackgroundImageRepeat": "false",
    "sapSelectedColor": "#2e9cea",
    "sapActiveColor": "#cc8700",
    "sapHighlightTextColor": "#ffffff",
    "sapTitleColor": "#000000",
    "sapNegativeColor": "#bb0000",
    "sapCriticalColor": "#e78c07",
    "sapPositiveColor": "#2b7d2b",
    "sapNeutralColor": "#ffffff",
    "sapContent_LabelColor": "#000000",
    "sapContent_DisabledTextColor": "#666666",
    "sapContent_ContrastTextThreshold": "0.65",
    "sapContent_ContrastTextColor": "#ffffff",
    "sapContent_ForegroundColor": "#e5e5e5",
    "sapContent_ForegroundBorderColor": "#000000",
    "sapContent_ForegroundTextColor": "#000000",
    "sapShell_Background": "#ffffff",
    "sapShell_BorderColor": "#666666",
    "sapShell_TextColor": "#000000",
    "sapButton_Background": "#ffffff",
    "sapButton_BorderColor": "#000000",
    "sapButton_TextColor": "#000000",
    "sapButton_Disabled_Background": "#ffffff",
    "sapButton_Disabled_BorderColor": "#666666",
    "sapButton_Disabled_TextColor": "#666666",
    "sapButton_Hover_Background": "#cc8700",
    "sapButton_Hover_BorderColor": "#000000",
    "sapButton_Hover_TextColor": "#ffffff",
    "sapButton_Emphasized_Background": "#ffffff",
    "sapButton_Emphasized_BorderColor": "#000000",
    "sapButton_Emphasized_TextColor": "#000000",
    "sapButton_Reject_Background": "#ffffff",
    "sapButton_Accept_Background": "#ffffff",
    "sapField_Background": "#ffffff",
    "sapField_BorderColor": "#000000",
    "sapField_HelpBackground": "#ffffff",
    "sapField_Hover_Background": "#ffffff",
    "sapField_Hover_BorderColor": "#000000",
    "sapField_Hover_HelpBackground": "#cc8700",
    "sapField_Focus_Background": "#ffffff",
    "sapField_Focus_BorderColor": "#000000",
    "sapField_Focus_HelpBackground": "#ffffff",
    "sapField_Disabled_Background": "#959595",
    "sapField_Disabled_BorderColor": "#4f4f4f",
    "sapField_Disabled_HelpBackground": "#959595",
    "sapField_ReadOnly_Background": "#959595",
    "sapField_ReadOnly_BorderColor": "#4f4f4f",
    "sapField_ReadOnly_HelpBackground": "#959595",
    "sapField_RequiredColor": "#000000",
    "sapField_InvalidColor": "#ffffff",
    "sapField_InvalidBackground": "#cc8700",
    "sapField_WarningColor": "#000000",
    "sapField_WarningBackground": "#ffffff",
    "sapField_SuccessColor": "#000000",
    "sapField_SuccessBackground": "#ffffff",
    "sapGroup_TitleBackground": "#ffffff",
    "sapGroup_TitleBorderColor": "#000000",
    "sapGroup_TitleTextColor": "#000000",
    "sapGroup_ContentBackground": "#ffffff",
    "sapGroup_ContentBorderColor": "#000000",
    "sapGroup_FooterBackground": "#ffffff",
    "sapToolbar_Background": "#ffffff",
    "sapToolbar_SeparatorColor": "#000000",
    "sapList_HeaderBackground": "#ffffff",
    "sapList_HeaderBorderColor": "#000000",
    "sapList_HeaderTextColor": "#000000",
    "sapList_BorderColor": "#4f4f4f",
    "sapList_HighlightColor": "#cc8700",
    "sapList_SelectionBackgroundColor": "#2e9cea",
    "sapList_Background": "#ffffff",
    "sapList_Hover_Background": "#cc8700",
    "sapScrollBar_FaceColor": "#4f4f4f",
    "sapScrollBar_TrackColor": "#ffffff",
    "sapScrollBar_BorderColor": "#4f4f4f",
    "sapScrollBar_SymbolColor": "#000000",
    "sapScrollBar_Hover_FaceColor": "#000000",
    "sapPageHeader_Background": "#ffffff",
    "sapPageHeader_BorderColor": "#000000",
    "sapPageHeader_TextColor": "#000000",
    "sapPageFooter_Background": "#ffffff",
    "sapPageFooter_TextColor": "#000000",
    "sapInfobar_Background": "#ffffff",
    "sapObjectHeader_Background": "#ffffff",
    "sapBlockLayer_Background": "#000000",
    "sapTile_Background": "#ffffff",
    "sapTile_BorderColor": "#000000",
    "sapTile_TextColor": "#000000",
    "sapUiSelected": "#111177",
    "sapUiActive": "#111177",
    "sapUiContentLabelColor": "#000000",
    "sapUiContentDisabledTextColor": "#666666",
    "sapUiContentContrastTextThreshold": "0.65",
    "sapUiContentContrastTextColor": "#ffffff",
    "sapUiContentForegroundColor": "#e5e5e5",
    "sapUiContentForegroundBorderColor": "#000000",
    "sapUiContentForegroundTextColor": "#000000",
    "sapUiShellBackground": "#ffffff",
    "sapUiShellBorderColor": "#666666",
    "sapUiShellTextColor": "#000000",
    "sapUiButtonBackground": "#ffffff",
    "sapUiButtonBorderColor": "#000000",
    "sapUiButtonTextColor": "#000000",
    "sapUiButtonDisabledBackground": "#ffffff",
    "sapUiButtonDisabledBorderColor": "#666666",
    "sapUiButtonDisabledTextColor": "#666666",
    "sapUiButtonHoverBackground": "#808080",
    "sapUiButtonHoverBorderColor": "#000000",
    "sapUiButtonHoverTextColor": "#ffffff",
    "sapUiButtonEmphasizedBackground": "#ffff00",
    "sapUiButtonEmphasizedBorderColor": "#000000",
    "sapUiButtonEmphasizedTextColor": "#000000",
    "sapUiButtonRejectBackground": "#ff0000",
    "sapUiButtonAcceptBackground": "#008000",
    "sapUiFieldBackground": "#ffffff",
    "sapUiFieldBorderColor": "#000000",
    "sapUiFieldHelpBackground": "#ffffff",
    "sapUiFieldHoverBackground": "#ffffff",
    "sapUiFieldHoverBorderColor": "#000000",
    "sapUiFieldHoverHelpBackground": "#cc8700",
    "sapUiFieldFocusBackground": "#ffffff",
    "sapUiFieldFocusBorderColor": "#000000",
    "sapUiFieldFocusHelpBackground": "#ffffff",
    "sapUiFieldReadOnlyBackground": "#959595",
    "sapUiFieldReadOnlyBorderColor": "#4f4f4f",
    "sapUiFieldReadOnlyHelpBackground": "#959595",
    "sapUiFieldDisabledBackground": "#959595",
    "sapUiFieldDisabledBorderColor": "#4f4f4f",
    "sapUiFieldDisabledHelpBackground": "#959595",
    "sapUiFieldRequiredColor": "#000000",
    "sapUiFieldInvalidColor": "#ffffff",
    "sapUiFieldInvalidBackground": "#cc8700",
    "sapUiFieldWarningColor": "#000000",
    "sapUiFieldWarningBackground": "#ffffff",
    "sapUiFieldSuccessColor": "#000000",
    "sapUiFieldSuccessBackground": "#ffffff",
    "sapUiGroupTitleBackground": "#ffffff",
    "sapUiGroupTitleBorderColor": "#000000",
    "sapUiGroupTitleTextColor": "#000000",
    "sapUiGroupContentBackground": "#ffffff",
    "sapUiGroupContentBorderColor": "#000000",
    "sapUiGroupFooterBackground": "#ffffff",
    "sapUiToolbarBackground": "#ffffff",
    "sapUiToolbarSeparatorColor": "#000000",
    "sapUiListHeaderBackground": "#ffffff",
    "sapUiListHeaderBorderColor": "#000000",
    "sapUiListHeaderTextColor": "#000000",
    "sapUiListBorderColor": "#4f4f4f",
    "sapUiListHighlightColor": "#cc8700",
    "sapUiListSelectionBackgroundColor": "#2e9cea",
    "sapUiListBackground": "#ffffff",
    "sapUiListHoverBackground": "#cc8700",
    "sapUiScrollBarFaceColor": "#4f4f4f",
    "sapUiScrollBarTrackColor": "#ffffff",
    "sapUiScrollBarBorderColor": "#4f4f4f",
    "sapUiScrollBarSymbolColor": "#000000",
    "sapUiScrollBarHoverFaceColor": "#000000",
    "sapUiPageHeaderBackground": "#ffffff",
    "sapUiPageHeaderBorderColor": "#000000",
    "sapUiPageHeaderTextColor": "#d3d3d3",
    "sapUiPageFooterBackground": "#ffffff",
    "sapUiPageFooterTextColor": "#000000",
    "sapUiInfobarBackground": "#ffffff",
    "sapUiObjectHeaderBackground": "#ffffff",
    "sapUiBlockLayerBackground": "#000000",
    "sapUiTileBackground": "#ffffff",
    "sapUiTileBorderColor": "#000000",
    "sapUiTileTextColor": "#000000",
    "sapUiBaseColor": "#dddddd",
    "sapUiHighlightTextColor": "#ffffff",
    "sapUiBaseBG": "#ffffff",
    "sapUiBrand": "#f0ab00",
    "sapUiHighlight": "#111177",
    "sapUiPurple": "#800080",
    "sapUiOrange": "#ffa500",
    "sapUiGreen": "#008000",
    "sapUiBlue": "#0000ff",
    "sapUiRed": "#ff0000",
    "sapUiYellow": "#ffff00",
    "sapUiBase": "#000000",
    "sapUiBaseBorder": "#000000",
    "sapUiBaseText": "#000000",
    "sapUiBaseLine": "#000000",
    "sapUiWhite": "#ffffff",
    "sapUiWhiteBG": "#ffffff",
    "sapUiExtraLightBG": "#ffffff",
    "sapUiLightBG": "#d3d3d3",
    "sapUiMediumBG": "#808080",
    "sapUiDarkBG": "#a9a9a9",
    "sapUiDeepBG": "#000000",
    "sapUiBlackBG": "#000000",
    "sapUiHoverBG": "#808080",
    "sapUiMediumAltBG": "#808080",
    "sapUiDarkAltBG": "#a9a9a9",
    "sapUiButtonStandardBG": "#ffffff",
    "sapUiButtonEmphasizedBG": "#ffff00",
    "sapUiButtonNegativeBG": "#ff0000",
    "sapUiButtonPositiveBG": "#008000",
    "sapUiErrorBG": "#ff9a90",
    "sapUiWarningBG": "#faf2b0",
    "sapUiReadOnlyBG": "#808080",
    "sapUiExtraLightText": "#d3d3d3",
    "sapUiLightText": "#d3d3d3",
    "sapUiMediumText": "#808080",
    "sapUiDarkText": "#a9a9a9",
    "sapUiDeepText": "#000000",
    "sapUiText": "#000000",
    "sapUiTextInverted": "#ffffff",
    "sapUiLink": "#0000ff",
    "sapUiLinkInverted": "#0000ff",
    "sapUiLinkVisited": "#800080",
    "sapUiLinkActive": "#ff0000",
    "sapUiLinkHover": "#ff0000",
    "sapUiNegativeText": "#ff0000",
    "sapUiPositiveText": "#b5e7a8",
    "sapUiWhiteBorder": "#ffffff",
    "sapUiExtraLightBorder": "#d3d3d3",
    "sapUiLightBorder": "#808080",
    "sapUiMediumBorder": "#000000",
    "sapUiDarkBorder": "#000000",
    "sapUiBlackBorder": "#000000",
    "sapUiErrorBorder": "#ff0000",
    "sapUiWarningBorder": "#ffff00",
    "sapUiElement": "#d3d3d3",
    "sapUiInvertedElement": "#ffffff",
    "sapUiLightLine": "#d3d3d3",
    "sapUiMediumLine": "#808080",
    "sapUiEmphasizedLine": "#111177",
    "sapUiDarkLine": "#a9a9a9",
    "sapUiLightShadowTint": "#ffffff",
    "sapUiDarkShadowTint": "#000000",
    "sapUiFocus": "#000000",
    "sapUiInvertedFocus": "#ffffff",
    "sapUiListTextColor": "#a9a9a9",
    "sapUiTableRowBG": "#ffffff",
    "sapUiTableRowAlternatingBG": "#ffffff",
    "sapUiTableRowSelectionBG": "#111177",
    "sapUiTableRowSelectionReadOnlyBG": "#111177",
    "sapUiTableRowHoverBG": "#808080",
    "sapUiListBG": "#f7f7f7",
    "sapUiTextColor": "#008000",
    "sapUiTextTitleColor": "#008000",
    "sapUiTextSelectionColor": "#008000",
    "sapUiTextDisabled": "#999999",
    "sapUiTextTitle": "#000000",
    "sapUiTextSelection": "#ffffff",
    "sapUiTextfieldBackground": "#ffffff",
    "sapUiLineHeight": "21px",
    "sapUiFontFamily": "Arial, Helvetica, sans-serif",
    "sapUiFontMonospaceFamily": "Lucida Console",
    "sapUiFontSize": "medium",
    "sapUiFontLargeSize": "large",
    "sapUiFontSmallSize": "small",
    "sapUiFontHeader1Size": "xx-large",
    "sapUiFontHeader2Size": "x-large",
    "sapUiFontHeader3Size": "large",
    "sapUiFontHeader4Size": "medium",
    "sapUiFontHeader5Size": "medium",
    "sapUiFontHeader6Size": "medium",
    "sapUiUx3ShellBackgroundColor": "#ffffff",
    "sapUiUx3ShellHoverColor": "#000000",
    "sapUiUx3ShellSideBarBaseWidth": "40px",
    "sapUiUx3ShellPaneOverflowButtonHeight": "120px",
    "sapUiUx3ShellToolPaletteIconFontColor": "#8899aa",
    "sapUiUx3ExactLstExpandOffset": "0 0",
    "sapUiUx3ExactLstRootExpandOffset": "0 3",
    "sapUiUx3ExactLstCollapseWidth": "24px",
    "sapUiUx3ExactLstHeaderHeight": "25px",
    "sapUiUx3ExactLstContentTop": "25px",
    "sapUiNotificationBarBG": "rgba(128, 128, 128, 0.92)",
    "sapUiNotificationBarBG_IE": "#808080",
    "sapUiNotifierHoverColor": "#111177",
    "sapUiNotifierSeparator": "#808080",
    "sapUiNotificationText": "#000000",
    "sapUiNotificationTimestamp": "#545454",
    "sapUiNotificationBarCalloutBorder": "rgba(128, 128, 128, 0)",
    "sapUiNotificationBarCalloutBorder_IE": "#808080",
    "sapUiNotificationBarCalloutArr": "rgba(128, 128, 128, 0.92)",
    "sapUiNotificationBarHeight": "40px",
    "sapUiNotificationBarHeightMinimized": "0px",
    "sapUiNotificationBarHeightMaximized": "40%",
    "sapUiNotifierWidth": "40px",
    "sapUiNotifierSeparatorWidth": "2px",
    "sapUiUx3ToolPopupInverted": "true",
    "sapUiUx3ToolPopupArrowWidth": "13px",
    "sapUiUx3ToolPopupArrowHeight": "24px",
    "sapUiUx3ToolPopupArrowRightMarginCorrection": "-2px",
    "sapUiUx3ToolPopupArrowRightMarginCorrectionInverted": "-7px",
    "sapUiUx3TPPaddingBottom": "50px",
    "sapUiButtonIconColor": "#d3d3d3",
    "sapUiButtonActiveBackground": "#111177",
    "sapUiButtonActiveBorderColor": "#111177",
    "sapUiButtonActiveTextColor": "#ffffff",
    "sapUiButtonEmphasizedDisabledBorderColor": "#000000",
    "sapUiButtonEmphasizedDisabledBackground": "#ffff00",
    "sapUiButtonEmphasizedHoverBorderColor": "#000000",
    "sapUiButtonEmphasizedHoverBackground": "#808080",
    "sapUiButtonEmphasizedActiveBorderColor": "#111177",
    "sapUiButtonEmphasizedActiveBackground": "#111177",
    "sapUiButtonAcceptBorderColor": "#000000",
    "sapUiButtonAcceptDisabledBorderColor": "#000000",
    "sapUiButtonAcceptDisabledBackground": "#008000",
    "sapUiButtonAcceptHoverBorderColor": "#000000",
    "sapUiButtonAcceptHoverBackground": "#808080",
    "sapUiButtonAcceptActiveBorderColor": "#111177",
    "sapUiButtonAcceptActiveBackground": "#111177",
    "sapUiButtonRejectBorderColor": "#000000",
    "sapUiButtonRejectDisabledBorderColor": "#000000",
    "sapUiButtonRejectDisabledBackground": "#ff0000",
    "sapUiButtonRejectHoverBorderColor": "#000000",
    "sapUiButtonRejectHoverBackground": "#808080",
    "sapUiButtonRejectActiveBorderColor": "#111177",
    "sapUiButtonRejectActiveBackground": "#111177",
    "sapUiButtonLiteBackground": "transparent",
    "sapUiToggleButtonPressedDisabledBackground": "#d8d8e8",
    "sapUiToggleButtonPressedBackground": "#111177",
    "sapUiToggleButtonPressedHoverBackground": "#0e0e61",
    "sapUiPositiveBG": "#b5e7a8",
    "sapUiShadowTint": "#000000",
    "sapUiShadow": "5px 5px 10px rgba(0, 0, 0, 0.5)",
    "sapUiThemeDesignerCustomCss": "false",
    "sapUiMarginTiny": "0.5rem",
    "sapUiMarginSmall": "1rem",
    "sapUiMarginMedium": "2rem",
    "sapUiMarginLarge": "3rem",
    "sapUiEscapedEmptyString": "",
    "sapVizChartBackgroundColor": "#ffffff",
    "sapVizChartTooltipBackgroundColor": "#ffffff",
    "sapVizChartBackgroundStroke": "#d8d8d8",
    "sapVizChartPieSectorStroke": "#ffffff",
    "sapVizChartHoverColor": "#cccccc",
    "sapVizChartHoverline": "#cccccc",
    "sapVizChartHoverShadow": "#cccccc",
    "sapVizChartHoverShadowMouseDown": "#808080",
    "sapVizChartInnerWhisker": "#000000",
    "sapVizChartTitleColor": "#000000",
    "sapVizChartLabelColor": "#000000",
    "sapVizChartAxisColor": "#000000",
    "sapVizChartAxisGridlineColor": "#d8d8d8",
    "sapVizChartTooltipBorderStroke": "#d8d8d8",
    "sapVizChartHiddenTitleColor": "#a6a6a6",
    "sapUiChartPopoverDataItemFontColor": "#000000",
    "sapUiChartPopoverGroupFontColor": "#000000",
    "sapUiChartPopoverDataItemFontSize": "0.875rem",
    "sapUiChartPopoverGroupFontSize": "0.875rem",
    "sapUiChartPopoverGroupFontWeight": "bold"
}