{
    "sapBrandColor": "#f0ab00",
    "sapHighlightColor": "#007dc0",
    "sapBaseColor": "#dddddd",
    "sapShellColor": "#000000",
    "sapBackgroundColor": "#f2f2f2",
    "sapTextColor": "#000000",
    "sapLinkColor": "#00679e",
    "sapCompanyLogo": "url()",
    "sapBackgroundImage": "url()",
    "sapBackgroundImageOpacity": "1",
    "sapBackgroundImageRepeat": "false",
    "sapSelectedColor": "#007dc0",
    "sapActiveColor": "#007dc0",
    "sapHighlightTextColor": "#ffffff",
    "sapTitleColor": "#333333",
    "sapNegativeColor": "#cc1919",
    "sapCriticalColor": "#f0ab00",
    "sapPositiveColor": "#007833",
    "sapNeutralColor": "#007cc0",
    "sapContent_LabelColor": "#444444",
    "sapContent_DisabledTextColor": "#999999",
    "sapContent_ContrastTextThreshold": "0.65",
    "sapContent_ContrastTextColor": "#ffffff",
    "sapContent_ForegroundColor": "#c5c5c5",
    "sapContent_ForegroundBorderColor": "#a6a6a6",
    "sapContent_ForegroundTextColor": "#000000",
    "sapShell_Background": "#ffffff",
    "sapShell_BorderColor": "#5c5c5c",
    "sapShell_TextColor": "#000000",
    "sapButton_Background": "#e2e2e2",
    "sapButton_BorderColor": "#a3a3a3",
    "sapButton_TextColor": "#222222",
    "sapButton_Disabled_Background": "#e2e2e2",
    "sapButton_Disabled_BorderColor": "#bfbfbf",
    "sapButton_Disabled_TextColor": "#878787",
    "sapButton_Hover_Background": "#007dc0",
    "sapButton_Hover_BorderColor": "#00669c",
    "sapButton_Hover_TextColor": "#ffffff",
    "sapButton_Emphasized_Background": "#fdc411",
    "sapButton_Emphasized_BorderColor": "#8d6b01",
    "sapButton_Emphasized_TextColor": "#222222",
    "sapButton_Reject_Background": "#e52929",
    "sapButton_Accept_Background": "#008a3b",
    "sapField_Background": "#ffffff",
    "sapField_BorderColor": "#bfbfbf",
    "sapField_HelpBackground": "#ffffff",
    "sapField_Hover_Background": "#ffffff",
    "sapField_Hover_BorderColor": "#007dc0",
    "sapField_Hover_HelpBackground": "#007dc0",
    "sapField_Focus_Background": "#ffffff",
    "sapField_Focus_BorderColor": "#007dc0",
    "sapField_Focus_HelpBackground": "#ffffff",
    "sapField_Disabled_Background": "#f9f9f9",
    "sapField_Disabled_BorderColor": "#dfdfdf",
    "sapField_Disabled_HelpBackground": "#f9f9f9",
    "sapField_ReadOnly_Background": "#eaedf0",
    "sapField_ReadOnly_BorderColor": "#bfbfbf",
    "sapField_ReadOnly_HelpBackground": "#eaedf0",
    "sapField_RequiredColor": "#007dc0",
    "sapField_InvalidColor": "#cc0000",
    "sapField_InvalidBackground": "#ffdbdb",
    "sapField_WarningColor": "#ffaa00",
    "sapField_WarningBackground": "#fffcb5",
    "sapField_SuccessColor": "#007833",
    "sapField_SuccessBackground": "#c0ead2",
    "sapGroup_TitleBackground": "transparent",
    "sapGroup_TitleBorderColor": "transparent",
    "sapGroup_TitleTextColor": "#333333",
    "sapGroup_ContentBackground": "#ffffff",
    "sapGroup_ContentBorderColor": "transparent",
    "sapGroup_FooterBackground": "transparent",
    "sapToolbar_Background": "#dddddd",
    "sapToolbar_SeparatorColor": "#c2c2c2",
    "sapList_HeaderBackground": "#e5e5e5",
    "sapList_HeaderBorderColor": "#cccccc",
    "sapList_HeaderTextColor": "#333333",
    "sapList_BorderColor": "#dddddd",
    "sapList_HighlightColor": "#007dc0",
    "sapList_SelectionBackgroundColor": "#d0e7f4",
    "sapList_Background": "#ffffff",
    "sapList_Hover_Background": "#e5f2f8",
    "sapScrollBar_FaceColor": "#ffffff",
    "sapScrollBar_TrackColor": "#ffffff",
    "sapScrollBar_BorderColor": "#999999",
    "sapScrollBar_SymbolColor": "#666666",
    "sapScrollBar_Hover_FaceColor": "#000000",
    "sapPageHeader_Background": "#ffffff",
    "sapPageHeader_BorderColor": "#000000",
    "sapPageHeader_TextColor": "#000000",
    "sapPageFooter_Background": "#ffffff",
    "sapPageFooter_TextColor": "#000000",
    "sapInfobar_Background": "#ffffff",
    "sapObjectHeader_Background": "#ffffff",
    "sapBlockLayer_Background": "#000000",
    "sapTile_Background": "#ffffff",
    "sapTile_BorderColor": "#000000",
    "sapTile_TextColor": "#000000",
    "sapUiSelected": "#007dc0",
    "sapUiActive": "#007dc0",
    "sapUiContentLabelColor": "#444444",
    "sapUiContentDisabledTextColor": "#999999",
    "sapUiContentContrastTextThreshold": "0.65",
    "sapUiContentContrastTextColor": "#ffffff",
    "sapUiContentForegroundColor": "#c5c5c5",
    "sapUiContentForegroundBorderColor": "#a6a6a6",
    "sapUiContentForegroundTextColor": "#000000",
    "sapUiShellBackground": "#ffffff",
    "sapUiShellBorderColor": "#5c5c5c",
    "sapUiShellTextColor": "#000000",
    "sapUiButtonBackground": "#e2e2e2",
    "sapUiButtonBorderColor": "#a3a3a3",
    "sapUiButtonTextColor": "#222222",
    "sapUiButtonDisabledBackground": "#e2e2e2",
    "sapUiButtonDisabledBorderColor": "#bfbfbf",
    "sapUiButtonDisabledTextColor": "#878787",
    "sapUiButtonHoverBackground": "#007dc0",
    "sapUiButtonHoverBorderColor": "#00669c",
    "sapUiButtonHoverTextColor": "#ffffff",
    "sapUiButtonEmphasizedBackground": "#fdc411",
    "sapUiButtonEmphasizedBorderColor": "#8d6b01",
    "sapUiButtonEmphasizedTextColor": "#222222",
    "sapUiButtonRejectBackground": "#e52929",
    "sapUiButtonAcceptBackground": "#008a3b",
    "sapUiFieldBackground": "#ffffff",
    "sapUiFieldBorderColor": "#bfbfbf",
    "sapUiFieldHelpBackground": "#ffffff",
    "sapUiFieldHoverBackground": "#ffffff",
    "sapUiFieldHoverBorderColor": "#007dc0",
    "sapUiFieldHoverHelpBackground": "#007dc0",
    "sapUiFieldFocusBackground": "#ffffff",
    "sapUiFieldFocusBorderColor": "#007dc0",
    "sapUiFieldFocusHelpBackground": "#ffffff",
    "sapUiFieldReadOnlyBackground": "#eaedf0",
    "sapUiFieldReadOnlyBorderColor": "#bfbfbf",
    "sapUiFieldReadOnlyHelpBackground": "#eaedf0",
    "sapUiFieldDisabledBackground": "#f9f9f9",
    "sapUiFieldDisabledBorderColor": "#dfdfdf",
    "sapUiFieldDisabledHelpBackground": "#f9f9f9",
    "sapUiFieldRequiredColor": "#007dc0",
    "sapUiFieldInvalidColor": "#cc0000",
    "sapUiFieldInvalidBackground": "#ffdbdb",
    "sapUiFieldWarningColor": "#ffaa00",
    "sapUiFieldWarningBackground": "#fffcb5",
    "sapUiFieldSuccessColor": "#007833",
    "sapUiFieldSuccessBackground": "#c0ead2",
    "sapUiGroupTitleBackground": "transparent",
    "sapUiGroupTitleBorderColor": "transparent",
    "sapUiGroupTitleTextColor": "#333333",
    "sapUiGroupContentBackground": "#ffffff",
    "sapUiGroupContentBorderColor": "transparent",
    "sapUiGroupFooterBackground": "transparent",
    "sapUiToolbarBackground": "#dddddd",
    "sapUiToolbarSeparatorColor": "#c2c2c2",
    "sapUiListHeaderBackground": "#e5e5e5",
    "sapUiListHeaderBorderColor": "#cccccc",
    "sapUiListHeaderTextColor": "#333333",
    "sapUiListBorderColor": "#dddddd",
    "sapUiListHighlightColor": "#007dc0",
    "sapUiListSelectionBackgroundColor": "#d0e7f4",
    "sapUiListBackground": "#ffffff",
    "sapUiListHoverBackground": "#e5f2f8",
    "sapUiScrollBarFaceColor": "#ffffff",
    "sapUiScrollBarTrackColor": "#ffffff",
    "sapUiScrollBarBorderColor": "#999999",
    "sapUiScrollBarSymbolColor": "#666666",
    "sapUiScrollBarHoverFaceColor": "#000000",
    "sapUiPageHeaderBackground": "#ffffff",
    "sapUiPageHeaderBorderColor": "#000000",
    "sapUiPageHeaderTextColor": "#666666",
    "sapUiPageFooterBackground": "#ffffff",
    "sapUiPageFooterTextColor": "#000000",
    "sapUiInfobarBackground": "#ffffff",
    "sapUiObjectHeaderBackground": "#ffffff",
    "sapUiBlockLayerBackground": "#000000",
    "sapUiTileBackground": "#ffffff",
    "sapUiTileBorderColor": "#000000",
    "sapUiTileTextColor": "#000000",
    "sapUiBaseColor": "#dddddd",
    "sapUiHighlightTextColor": "#ffffff",
    "sapUiBaseBG": "#7f7f7f",
    "sapUiBrand": "#f0ab00",
    "sapUiHighlight": "#007dc0",
    "sapUiPurple": "#ab218e",
    "sapUiOrange": "#f27020",
    "sapUiGreen": "#008a3b",
    "sapUiBlue": "#007cc0",
    "sapUiRed": "#e52929",
    "sapUiYellow": "#f0ab00",
    "sapUiBase": "#7f7f7f",
    "sapUiBaseBorder": "#808080",
    "sapUiBaseText": "#000000",
    "sapUiBaseLine": "#808080",
    "sapUiWhite": "#ffffff",
    "sapUiWhiteBG": "#ffffff",
    "sapUiExtraLightBG": "#f2f2f2",
    "sapUiLightBG": "#e5e5e5",
    "sapUiMediumBG": "#dddddd",
    "sapUiDarkBG": "#666666",
    "sapUiDeepBG": "#2c2c2c",
    "sapUiBlackBG": "#000000",
    "sapUiHoverBG": "#e5f2f8",
    "sapUiMediumAltBG": "#b8c2cc",
    "sapUiDarkAltBG": "#606366",
    "sapUiButtonStandardBG": "#e2e2e2",
    "sapUiButtonEmphasizedBG": "#fdc411",
    "sapUiButtonNegativeBG": "#e52929",
    "sapUiButtonPositiveBG": "#008a3b",
    "sapUiErrorBG": "#fbdfdf",
    "sapUiWarningBG": "#fffcb5",
    "sapUiReadOnlyBG": "#eaedf0",
    "sapUiExtraLightText": "#707070",
    "sapUiLightText": "#666666",
    "sapUiMediumText": "#444444",
    "sapUiDarkText": "#333333",
    "sapUiDeepText": "#222222",
    "sapUiText": "#000000",
    "sapUiTextInverted": "#ffffff",
    "sapUiLink": "#00679e",
    "sapUiLinkInverted": "#1fb1ff",
    "sapUiLinkVisited": "#00679e",
    "sapUiLinkActive": "#00679e",
    "sapUiLinkHover": "#00679e",
    "sapUiNegativeText": "#cc1919",
    "sapUiPositiveText": "#007833",
    "sapUiWhiteBorder": "#ffffff",
    "sapUiExtraLightBorder": "#e5e5e5",
    "sapUiLightBorder": "#dddddd",
    "sapUiMediumBorder": "#cccccc",
    "sapUiDarkBorder": "#bfbfbf",
    "sapUiBlackBorder": "#000000",
    "sapUiErrorBorder": "#cc1919",
    "sapUiWarningBorder": "#d99900",
    "sapUiElement": "#d3d3d3",
    "sapUiInvertedElement": "#ffffff",
    "sapUiLightLine": "#cccccc",
    "sapUiMediumLine": "#999999",
    "sapUiEmphasizedLine": "#007dc0",
    "sapUiDarkLine": "#333333",
    "sapUiLightShadowTint": "#ffffff",
    "sapUiDarkShadowTint": "#000000",
    "sapUiFocus": "#005583",
    "sapUiInvertedFocus": "#ffffff",
    "sapUiListTextColor": "#333333",
    "sapUiTableRowBG": "#ffffff",
    "sapUiTableRowAlternatingBG": "#eff7fb",
    "sapUiTableRowSelectionBG": "#d1e9f4",
    "sapUiTableRowSelectionReadOnlyBG": "#c9e1ed",
    "sapUiTableRowHoverBG": "#e5f2f8",
    "sapUiListBG": "#f7f7f7",
    "sapUiTextColor": "#008000",
    "sapUiTextTitleColor": "#008000",
    "sapUiTextSelectionColor": "#008000",
    "sapUiTextDisabled": "#999999",
    "sapUiTextTitle": "#333333",
    "sapUiTextSelection": "#ffffff",
    "sapUiTextfieldBackground": "#ffffff",
    "sapUiLineHeight": "18px",
    "sapUiFontFamily": "Arial, Helvetica, sans-serif",
    "sapUiFontMonospaceFamily": "Lucida Console",
    "sapUiFontSize": "12px",
    "sapUiFontLargeSize": "13px",
    "sapUiFontSmallSize": "11px",
    "sapUiFontHeader1Size": "26px",
    "sapUiFontHeader2Size": "20px",
    "sapUiFontHeader3Size": "18px",
    "sapUiFontHeader4Size": "16px",
    "sapUiFontHeader5Size": "14px",
    "sapUiFontHeader6Size": "13px",
    "sapUiUx3ShellBackgroundColor": "#f2f2f2",
    "sapUiUx3ShellHoverColor": "#666666",
    "sapUiUx3ShellSideBarBaseWidth": "40px",
    "sapUiUx3ShellPaneOverflowButtonHeight": "120px",
    "sapUiUx3ShellToolPaletteIconFontColor": "#8899aa",
    "sapUiUx3ExactLstExpandOffset": "-1 -2",
    "sapUiUx3ExactLstRootExpandOffset": "0 3",
    "sapUiUx3ExactLstCollapseWidth": "24px",
    "sapUiUx3ExactLstHeaderHeight": "25px",
    "sapUiUx3ExactLstContentTop": "26px",
    "sapUiNotificationBarBG": "rgba(68, 68, 68, 0.92)",
    "sapUiNotificationBarBG_IE": "#444444",
    "sapUiNotifierHoverColor": "#007dc0",
    "sapUiNotifierSeparator": "#999999",
    "sapUiNotificationText": "#ffffff",
    "sapUiNotificationTimestamp": "#ababab",
    "sapUiNotificationBarCalloutBorder": "rgba(68, 68, 68, 0)",
    "sapUiNotificationBarCalloutBorder_IE": "#444444",
    "sapUiNotificationBarCalloutArr": "rgba(68, 68, 68, 0.92)",
    "sapUiNotificationBarHeight": "40px",
    "sapUiNotificationBarHeightMinimized": "0px",
    "sapUiNotificationBarHeightMaximized": "40%",
    "sapUiNotifierWidth": "40px",
    "sapUiNotifierSeparatorWidth": "2px",
    "sapUiUx3ToolPopupInverted": "true",
    "sapUiUx3ToolPopupArrowWidth": "13px",
    "sapUiUx3ToolPopupArrowHeight": "20px",
    "sapUiUx3ToolPopupArrowRightMarginCorrection": "-2px",
    "sapUiUx3ToolPopupArrowRightMarginCorrectionInverted": "-7px",
    "sapUiUx3TPPaddingBottom": "50px",
    "sapUiButtonIconColor": "#d3d3d3",
    "sapUiButtonActiveBackground": "#666666",
    "sapUiButtonActiveBorderColor": "#333333",
    "sapUiButtonActiveTextColor": "#ffffff",
    "sapUiButtonEmphasizedDisabledBorderColor": "#8d6b01",
    "sapUiButtonEmphasizedDisabledBackground": "#fdc411",
    "sapUiButtonEmphasizedHoverBorderColor": "#5b4501",
    "sapUiButtonEmphasizedHoverBackground": "#fdcd34",
    "sapUiButtonEmphasizedActiveBorderColor": "#5b4501",
    "sapUiButtonEmphasizedActiveBackground": "#e8b102",
    "sapUiButtonAcceptBorderColor": "#005725",
    "sapUiButtonAcceptDisabledBorderColor": "#005725",
    "sapUiButtonAcceptDisabledBackground": "#008a3b",
    "sapUiButtonAcceptHoverBorderColor": "#000000",
    "sapUiButtonAcceptHoverBackground": "#008a3b",
    "sapUiButtonAcceptActiveBorderColor": "#000000",
    "sapUiButtonAcceptActiveBackground": "#007130",
    "sapUiButtonRejectBorderColor": "#c31818",
    "sapUiButtonRejectDisabledBorderColor": "#c31818",
    "sapUiButtonRejectDisabledBackground": "#e52929",
    "sapUiButtonRejectHoverBorderColor": "#520a0a",
    "sapUiButtonRejectHoverBackground": "#e52929",
    "sapUiButtonRejectActiveBorderColor": "#520a0a",
    "sapUiButtonRejectActiveBackground": "#da1a1a",
    "sapUiButtonLiteBackground": "transparent",
    "sapUiToggleButtonPressedDisabledBackground": "#cdd8de",
    "sapUiToggleButtonPressedBackground": "#007dc0",
    "sapUiToggleButtonPressedHoverBackground": "#00669c",
    "sapUiPositiveBG": "#c0ead2",
    "sapUiShadowTint": "#000000",
    "sapUiShadow": "0px 4px 17px rgba(0, 0, 0, 0.4)",
    "sapUiThemeDesignerCustomCss": "false",
    "sapUiMarginTiny": "0.5rem",
    "sapUiMarginSmall": "1rem",
    "sapUiMarginMedium": "2rem",
    "sapUiMarginLarge": "3rem",
    "sapUiEscapedEmptyString": "",
    "sapVizChartBackgroundColor": "#f2f2f2",
    "sapVizChartTooltipBackgroundColor": "#f2f2f2",
    "sapVizChartBackgroundStroke": "#fcdab0",
    "sapVizChartPieSectorStroke": "#f2f2f2",
    "sapVizChartHoverColor": "#cccccc",
    "sapVizChartHoverline": "#000000",
    "sapVizChartHoverShadow": "#737373",
    "sapVizChartHoverShadowMouseDown": "#f0ab00",
    "sapVizChartInnerWhisker": "#000000",
    "sapVizChartTitleColor": "#000000",
    "sapVizChartLabelColor": "#000000",
    "sapVizChartAxisColor": "#000000",
    "sapVizChartAxisGridlineColor": "#fcdab0",
    "sapVizChartTooltipBorderStroke": "#fdc411",
    "sapVizChartHiddenTitleColor": "#a6a6a6",
    "sapUiChartPopoverDataItemFontColor": "#000000",
    "sapUiChartPopoverGroupFontColor": "#000000",
    "sapUiChartPopoverDataItemFontSize": "0.875rem",
    "sapUiChartPopoverGroupFontSize": "0.875rem",
    "sapUiChartPopoverGroupFontWeight": "bold",
    "sapFontFamily": "Arial, Helvetica, sans-serif, Verdana",
    "sapFontSize": "0.75em",
    "sapContent_LineHeight": "1.3",
    "sapContent_ElementHeight": "1.37em",
    "sapContent_ElementHeight_PX": "22px",
    "sapContent_IconHeight": "16px",
    "sapContent_MonospaceFontFamily": "lucida console, monospace",
    "sapButton_BorderWidth": "1px",
    "sapButton_BorderCornerRadius": "0",
    "sapField_BorderWidth": "1px",
    "sapField_BorderCornerRadius": "0",
    "sapGroup_Title_FontSize": "1em",
    "sapGroup_BorderWidth": "1px",
    "sapGroup_BorderCornerRadius": "0",
    "sapList_BorderWidth": "1px",
    "sapScrollBar_Dimension": "16px",
    "sapUiUx3ShellHeaderColor": "#000000",
    "sapUiCritical": "#d14900",
    "sapUiHighlightText": "#ffffff",
    "sapUiCriticalText": "#d14900",
    "sapUiPositiveBorder": "#007833",
    "sapUiBackgroundImage": "url()",
    "sapUiChartGood": "#61a656",
    "sapUiChartNeutral": "#848f94",
    "sapUiChartBad": "#d32030",
    "sapUiChartCritical": "#e17b24",
    "sapUiChart1": "#5cbae6",
    "sapUiChart2": "#b6d957",
    "sapUiChart3": "#fac364",
    "sapUiChart4": "#8cd3ff",
    "sapUiChart5": "#d998cb",
    "sapUiChart6": "#f2d249",
    "sapUiChart7": "#93b9c6",
    "sapUiChart8": "#ccc5a8",
    "sapUiChart9": "#52bacc",
    "sapUiChart10": "#dbdb46",
    "sapUiChart11": "#98aafb",
    "sapUiChartSequence1": "#27a3dd",
    "sapUiChartSequence2": "#9dc62d",
    "sapUiChartSequence3": "#f8ac29",
    "sapUiChartSequenceNeutral": "#848f94",
    "sapUiChartPaletteQualitativeHue1": "#5cbae6",
    "sapUiChartPaletteQualitativeHue2": "#b6d957",
    "sapUiChartPaletteQualitativeHue3": "#fac364",
    "sapUiChartPaletteQualitativeHue4": "#8cd3ff",
    "sapUiChartPaletteQualitativeHue5": "#d998cb",
    "sapUiChartPaletteQualitativeHue6": "#f2d249",
    "sapUiChartPaletteQualitativeHue7": "#93b9c6",
    "sapUiChartPaletteQualitativeHue8": "#ccc5a8",
    "sapUiChartPaletteQualitativeHue9": "#52bacc",
    "sapUiChartPaletteQualitativeHue10": "#dbdb46",
    "sapUiChartPaletteQualitativeHue11": "#98aafb",
    "sapUiChartPaletteSemanticBadLight3": "#f09ca4",
    "sapUiChartPaletteSemanticBadLight2": "#e9707b",
    "sapUiChartPaletteSemanticBadLight1": "#e34352",
    "sapUiChartPaletteSemanticBad": "#d32030",
    "sapUiChartPaletteSemanticBadDark1": "#a71926",
    "sapUiChartPaletteSemanticBadDark2": "#911621",
    "sapUiChartPaletteSemanticCriticalLight3": "#f3ccab",
    "sapUiChartPaletteSemanticCriticalLight2": "#edb17e",
    "sapUiChartPaletteSemanticCriticalLight1": "#e79651",
    "sapUiChartPaletteSemanticCritical": "#e17b24",
    "sapUiChartPaletteSemanticCriticalDark1": "#b96319",
    "sapUiChartPaletteSemanticCriticalDark2": "#a25716",
    "sapUiChartPaletteSemanticGoodLight3": "#bedbba",
    "sapUiChartPaletteSemanticGoodLight2": "#9fca98",
    "sapUiChartPaletteSemanticGoodLight1": "#80b877",
    "sapUiChartPaletteSemanticGood": "#61a656",
    "sapUiChartPaletteSemanticGoodDark1": "#4d8445",
    "sapUiChartPaletteSemanticGoodDark2": "#44743c",
    "sapUiChartPaletteSemanticNeutralLight3": "#d5dadc",
    "sapUiChartPaletteSemanticNeutralLight2": "#bac1c4",
    "sapUiChartPaletteSemanticNeutralLight1": "#9ea8ad",
    "sapUiChartPaletteSemanticNeutral": "#848f94",
    "sapUiChartPaletteSemanticNeutralDark1": "#69767c",
    "sapUiChartPaletteSemanticNeutralDark2": "#5e696e",
    "sapUiChartPaletteSequentialHue1Light3": "#abdbf2",
    "sapUiChartPaletteSequentialHue1Light2": "#84caec",
    "sapUiChartPaletteSequentialHue1Light1": "#5cbae5",
    "sapUiChartPaletteSequentialHue1": "#27a3dd",
    "sapUiChartPaletteSequentialHue1Dark1": "#1b7eac",
    "sapUiChartPaletteSequentialHue1Dark2": "#156489",
    "sapUiChartPaletteSequentialHue2Light3": "#d7eaa2",
    "sapUiChartPaletteSequentialHue2Light2": "#c6e17d",
    "sapUiChartPaletteSequentialHue2Light1": "#b6d957",
    "sapUiChartPaletteSequentialHue2": "#9dc62d",
    "sapUiChartPaletteSequentialHue2Dark1": "#759422",
    "sapUiChartPaletteSequentialHue2Dark2": "#5b731a",
    "sapUiChartPaletteSequentialHue3Light3": "#fde5bd",
    "sapUiChartPaletteSequentialHue3Light2": "#fbd491",
    "sapUiChartPaletteSequentialHue3Light1": "#fac364",
    "sapUiChartPaletteSequentialHue3": "#f8ac29",
    "sapUiChartPaletteSequentialHue3Dark1": "#dd8e07",
    "sapUiChartPaletteSequentialHue3Dark2": "#b57506",
    "sapUiChartPaletteSequentialNeutralLight3": "#d5dadc",
    "sapUiChartPaletteSequentialNeutralLight2": "#bac1c4",
    "sapUiChartPaletteSequentialNeutralLight1": "#9ea8ad",
    "sapUiChartPaletteSequentialNeutral": "#848f94",
    "sapUiChartPaletteSequentialNeutralDark1": "#69767c",
    "sapUiChartPaletteSequentialNeutralDark2": "#5e696e",
    "sapUiUx3ShellGradientBottom": "#2c2c2c",
    "sapUiUx3ShellGradientTop": "#616467",
    "sapUiHeaderBGCrystal": "#007cc0",
    "sapUiNotficationTimestamp": "#aaaaaa",
    "sapUiButtonLiteTextColor": "#00669c",
    "sapUiToggleButtonHoverBorderColor": "#007dc0",
    "sapUiToggleButtonPressedBorderColor": "#00669c",
    "sapUiToggleButtonPressedHoverBorderColor": "#00669c",
    "sapUiCalendarColorToday": "#ffc51c",
    "sapUiUx3ShellBackgroundImageURL": "url()",
    "sapUiUx3ShellHeaderImageURL": "",
    "sapUiUx3ShellApplicationImageURL": "url()",
    "sapVizChartTextColor": "#000000"
}